id,chart_template_id:id,code,name,user_type_id:id,reconcile,group_id:id
ccleen_au_1000,l10n_ccleen_au.l10n_ccleen_au_chart_template,1000,Westpac Account 331,account.data_account_type_liquidity,FALSE,account_grp_asset
ccleen_au_1030,l10n_ccleen_au.l10n_ccleen_au_chart_template,1030,Electriconic Clearing Account,account.data_account_type_liquidity,FALSE,account_grp_asset
ccleen_au_1050,l10n_ccleen_au.l10n_ccleen_au_chart_template,1050,Petty Cash,account.data_account_type_liquidity,FALSE,account_grp_asset
ccleen_au_1063,l10n_ccleen_au.l10n_ccleen_au_chart_template,1063,USD Western Union(Main),account.data_account_type_liquidity,FALSE,account_grp_asset
ccleen_au_1073,l10n_ccleen_au.l10n_ccleen_au_chart_template,1073,EURO Western Union(Main),account.data_account_type_liquidity,FALSE,account_grp_asset
ccleen_au_1100,l10n_ccleen_au.l10n_ccleen_au_chart_template,1100,Accounts Receivable,account.data_account_type_receivable,TRUE,account_grp_asset
ccleen_au_1150,l10n_ccleen_au.l10n_ccleen_au_chart_template,1150,Provision for Doubtful Debts,account.data_account_type_current_assets,FALSE,account_grp_asset
ccleen_au_1200,l10n_ccleen_au.l10n_ccleen_au_chart_template,1200,Deposit Paid,account.data_account_type_prepayments,FALSE,account_grp_asset
ccleen_au_1210,l10n_ccleen_au.l10n_ccleen_au_chart_template,1210,Prepayments,account.data_account_type_prepayments,FALSE,account_grp_asset
ccleen_au_1220,l10n_ccleen_au.l10n_ccleen_au_chart_template,1220,GST Paid (1B on BAS),account.data_account_type_current_assets,FALSE,account_grp_asset
ccleen_au_1221,l10n_ccleen_au.l10n_ccleen_au_chart_template,1221,GST Paid (1B on BAS) Import,account.data_account_type_current_assets,FALSE,account_grp_asset
ccleen_au_1230,l10n_ccleen_au.l10n_ccleen_au_chart_template,1230,Inventory,account.data_account_type_current_assets,FALSE,account_grp_asset
ccleen_au_1232,l10n_ccleen_au.l10n_ccleen_au_chart_template,1232,Inventory In Transit,account.data_account_type_current_assets,FALSE,account_grp_asset
ccleen_au_1250,l10n_ccleen_au.l10n_ccleen_au_chart_template,1250,Inventory Returned Not Credited,account.data_account_type_current_assets,FALSE,account_grp_asset
ccleen_au_1260,l10n_ccleen_au.l10n_ccleen_au_chart_template,1260,PAYG withholding on wages,account.data_account_type_current_assets,FALSE,account_grp_asset
ccleen_au_1300,l10n_ccleen_au.l10n_ccleen_au_chart_template,1300,Other Receivables,account.data_account_type_current_assets,FALSE,account_grp_asset
ccleen_au_1510,l10n_ccleen_au.l10n_ccleen_au_chart_template,1510, Computer Equipment,account.data_account_type_fixed_assets,FALSE,account_grp_asset
ccleen_au_1512,l10n_ccleen_au.l10n_ccleen_au_chart_template,1512,Cost - CE,account.data_account_type_fixed_assets,FALSE,account_grp_asset
ccleen_au_1514,l10n_ccleen_au.l10n_ccleen_au_chart_template,1514,Accum Depn - CE,account.data_account_type_fixed_assets,FALSE,account_grp_asset
ccleen_au_1520,l10n_ccleen_au.l10n_ccleen_au_chart_template,1520, Furniture & Fixtures,account.data_account_type_fixed_assets,FALSE,account_grp_asset
ccleen_au_1522,l10n_ccleen_au.l10n_ccleen_au_chart_template,1522,Cost - FF,account.data_account_type_fixed_assets,FALSE,account_grp_asset
ccleen_au_1524,l10n_ccleen_au.l10n_ccleen_au_chart_template,1524,Accum Depn - FF,account.data_account_type_fixed_assets,FALSE,account_grp_asset
ccleen_au_1530,l10n_ccleen_au.l10n_ccleen_au_chart_template,1530,Leasehold Improvements,account.data_account_type_fixed_assets,FALSE,account_grp_asset
ccleen_au_1540,l10n_ccleen_au.l10n_ccleen_au_chart_template,1540, Motor Vehicles,account.data_account_type_fixed_assets,FALSE,account_grp_asset
ccleen_au_1542,l10n_ccleen_au.l10n_ccleen_au_chart_template,1542,Cost - MV,account.data_account_type_fixed_assets,FALSE,account_grp_asset
ccleen_au_1544,l10n_ccleen_au.l10n_ccleen_au_chart_template,1544,Accum Depn - MV,account.data_account_type_fixed_assets,FALSE,account_grp_asset
ccleen_au_1600,l10n_ccleen_au.l10n_ccleen_au_chart_template,1600,Undeposited Funds,account.data_account_type_current_assets,FALSE,account_grp_asset
ccleen_au_1650,l10n_ccleen_au.l10n_ccleen_au_chart_template,1650,Contra Account,account.data_account_type_current_assets,FALSE,account_grp_asset
ccleen_au_1700,l10n_ccleen_au.l10n_ccleen_au_chart_template,1700,Preliminary Company Set Up Costs,account.data_account_type_non_current_assets,FALSE,account_grp_asset
ccleen_au_1806,l10n_ccleen_au.l10n_ccleen_au_chart_template,1806,Loan from Gentec,account.data_account_type_non_current_assets,FALSE,account_grp_asset
ccleen_au_2000,l10n_ccleen_au.l10n_ccleen_au_chart_template,2000,Accounts Payable,account.data_account_type_payable,TRUE,account_grp_liability
ccleen_au_2202,l10n_ccleen_au.l10n_ccleen_au_chart_template,2202,Other Payables,account.data_account_type_current_liabilities,FALSE,account_grp_liability
ccleen_au_2300,l10n_ccleen_au.l10n_ccleen_au_chart_template,2300,Tax Liability,account.data_account_type_current_liabilities,FALSE,account_grp_liability
ccleen_au_2310,l10n_ccleen_au.l10n_ccleen_au_chart_template,2310,Company Income Tax,account.data_account_type_current_liabilities,FALSE,account_grp_liability
ccleen_au_2315,l10n_ccleen_au.l10n_ccleen_au_chart_template,2315,PAYG Tax Instalments,account.data_account_type_current_liabilities,FALSE,account_grp_liability
ccleen_au_2320,l10n_ccleen_au.l10n_ccleen_au_chart_template,2320,GST Collected (1A on BAS),account.data_account_type_current_liabilities,FALSE,account_grp_liability
ccleen_au_2321,l10n_ccleen_au.l10n_ccleen_au_chart_template,2321,GST Collected (1A on BAS) Import,account.data_account_type_current_liabilities,FALSE,account_grp_liability
ccleen_au_2322,l10n_ccleen_au.l10n_ccleen_au_chart_template,2322,Tax Liability : GST  Clearing,account.data_account_type_current_liabilities,FALSE,account_grp_liability
ccleen_au_2330,l10n_ccleen_au.l10n_ccleen_au_chart_template,2330,Payroll Liabilities,account.data_account_type_current_liabilities,FALSE,account_grp_liability
ccleen_au_2331,l10n_ccleen_au.l10n_ccleen_au_chart_template,2331,Employee Net Pay Clearing,account.data_account_type_current_liabilities,FALSE,account_grp_liability
ccleen_au_2332,l10n_ccleen_au.l10n_ccleen_au_chart_template,2332,PAYG Payable,account.data_account_type_current_liabilities,FALSE,account_grp_liability
ccleen_au_2336,l10n_ccleen_au.l10n_ccleen_au_chart_template,2336,Superannuation Liability,account.data_account_type_current_liabilities,FALSE,account_grp_liability
ccleen_au_2338,l10n_ccleen_au.l10n_ccleen_au_chart_template,2338,Payroll Liabilities : Other Payroll Liability Clearing,account.data_account_type_current_liabilities,FALSE,account_grp_liability
ccleen_au_2340,l10n_ccleen_au.l10n_ccleen_au_chart_template,2340,Provision - Staff Contingencies,account.data_account_type_current_liabilities,FALSE,account_grp_liability
ccleen_au_2341,l10n_ccleen_au.l10n_ccleen_au_chart_template,2341,Provision - Annual Leave,account.data_account_type_current_liabilities,FALSE,account_grp_liability
ccleen_au_2342,l10n_ccleen_au.l10n_ccleen_au_chart_template,2342,Provision - Long Service Leave,account.data_account_type_current_liabilities,FALSE,account_grp_liability
ccleen_au_2343,l10n_ccleen_au.l10n_ccleen_au_chart_template,2343,Provision - Personal/Carers Leave,account.data_account_type_current_liabilities,FALSE,account_grp_liability
ccleen_au_2360,l10n_ccleen_au.l10n_ccleen_au_chart_template,2360,Refunds Payable,account.data_account_type_current_liabilities,FALSE,account_grp_liability
ccleen_au_2370,l10n_ccleen_au.l10n_ccleen_au_chart_template,2370,Loan Short Term Part,account.data_account_type_current_liabilities,FALSE,account_grp_liability
ccleen_au_2380,l10n_ccleen_au.l10n_ccleen_au_chart_template,2380,Accrued Purchase(Odoo),account.data_account_type_current_liabilities,FALSE,account_grp_liability
ccleen_au_2381,l10n_ccleen_au.l10n_ccleen_au_chart_template,2381,Inventory Received Not Billed Import,account.data_account_type_current_liabilities,FALSE,account_grp_liability
ccleen_au_2390,l10n_ccleen_au.l10n_ccleen_au_chart_template,2390,Customer Deposits,account.data_account_type_current_liabilities,FALSE,account_grp_liability
ccleen_au_2400,l10n_ccleen_au.l10n_ccleen_au_chart_template,2400,Commissions Payable,account.data_account_type_current_liabilities,FALSE,account_grp_liability
ccleen_au_2500,l10n_ccleen_au.l10n_ccleen_au_chart_template,2500,Provision Annual Leave,account.data_account_type_current_liabilities,FALSE,account_grp_liability
ccleen_au_2502,l10n_ccleen_au.l10n_ccleen_au_chart_template,2502,Provision Personal Leave,account.data_account_type_current_liabilities,FALSE,account_grp_liability
ccleen_au_2510,l10n_ccleen_au.l10n_ccleen_au_chart_template,2510,Provision LSL - STerm,account.data_account_type_current_liabilities,FALSE,account_grp_liability
ccleen_au_2520,l10n_ccleen_au.l10n_ccleen_au_chart_template,2520,Provision for Payroll Tax,account.data_account_type_current_liabilities,FALSE,account_grp_liability
ccleen_au_2540,l10n_ccleen_au.l10n_ccleen_au_chart_template,2540,Fringe Benefits Tax Liability,account.data_account_type_current_liabilities,FALSE,account_grp_liability
ccleen_au_2550,l10n_ccleen_au.l10n_ccleen_au_chart_template,2550,Deferred Income,account.data_account_type_current_liabilities,FALSE,account_grp_liability
ccleen_au_2600,l10n_ccleen_au.l10n_ccleen_au_chart_template,2600,Accruals,account.data_account_type_current_liabilities,FALSE,account_grp_liability
ccleen_au_2610,l10n_ccleen_au.l10n_ccleen_au_chart_template,2610,Accruals - Salaries,account.data_account_type_current_liabilities,FALSE,account_grp_liability
ccleen_au_2650,l10n_ccleen_au.l10n_ccleen_au_chart_template,2650,Novated Lease Payable,account.data_account_type_current_liabilities,FALSE,account_grp_liability
ccleen_au_2700,l10n_ccleen_au.l10n_ccleen_au_chart_template,2700,Chattel unexpired term interest,account.data_account_type_current_liabilities,FALSE,account_grp_liability
ccleen_au_2701,l10n_ccleen_au.l10n_ccleen_au_chart_template,2701,Unexpired term interest - Car LR,account.data_account_type_current_liabilities,FALSE,account_grp_liability
ccleen_au_2702,l10n_ccleen_au.l10n_ccleen_au_chart_template,2702,Unexpired term interest - Car P,account.data_account_type_current_liabilities,FALSE,account_grp_liability
ccleen_au_2801,l10n_ccleen_au.l10n_ccleen_au_chart_template,2801,Chattel Mortgage - Car LR,account.data_account_type_non_current_assets,FALSE,account_grp_liability
ccleen_au_2802,l10n_ccleen_au.l10n_ccleen_au_chart_template,2802,CHattel Mortgage - Car P,account.data_account_type_non_current_assets,FALSE,account_grp_liability
ccleen_au_2850,l10n_ccleen_au.l10n_ccleen_au_chart_template,2850,Provision of Income,account.data_account_type_current_liabilities,FALSE,account_grp_liability
ccleen_au_2900,l10n_ccleen_au.l10n_ccleen_au_chart_template,2900,Provision Dividends,account.data_account_type_non_current_assets,FALSE,account_grp_liability
ccleen_au_2910,l10n_ccleen_au.l10n_ccleen_au_chart_template,2910,Provision LSL - LTerm,account.data_account_type_non_current_assets,FALSE,account_grp_liability
ccleen_au_3100,l10n_ccleen_au.l10n_ccleen_au_chart_template,3100,Issued and Paid Up Capital,account.data_account_type_equity,FALSE,account_grp_equity
ccleen_au_3500,l10n_ccleen_au.l10n_ccleen_au_chart_template,3500,Reserve - Share Premium,account.data_account_type_equity,FALSE,account_grp_equity
ccleen_au_3800,l10n_ccleen_au.l10n_ccleen_au_chart_template,3800,Dividend  Paid,account.data_account_type_equity,FALSE,account_grp_equity
ccleen_au_3900,l10n_ccleen_au.l10n_ccleen_au_chart_template,3900,Retained Earnings,account.data_account_type_equity,FALSE,account_grp_equity
ccleen_au_3910,l10n_ccleen_au.l10n_ccleen_au_chart_template,3910,Current Year Earnings,account.data_unaffected_earnings,FALSE,account_grp_income
ccleen_au_3950,l10n_ccleen_au.l10n_ccleen_au_chart_template,3950,P&L Income,account.data_account_type_equity,FALSE,account_grp_equity
ccleen_au_3999,l10n_ccleen_au.l10n_ccleen_au_chart_template,3999,Historical Balancing(system transition),account.data_account_type_equity,FALSE,account_grp_equity
ccleen_au_4000,l10n_ccleen_au.l10n_ccleen_au_chart_template,4000,Sales,account.data_account_type_revenue,FALSE,account_grp_income
ccleen_au_4050,l10n_ccleen_au.l10n_ccleen_au_chart_template,4050,Shipping and Handling,account.data_account_type_revenue,FALSE,account_grp_income
ccleen_au_4060,l10n_ccleen_au.l10n_ccleen_au_chart_template,4060,Sales Rebate,account.data_account_type_revenue,FALSE,account_grp_income
ccleen_au_4070,l10n_ccleen_au.l10n_ccleen_au_chart_template,4070,Rebates on Early Payment,account.data_account_type_revenue,FALSE,account_grp_income
ccleen_au_4100,l10n_ccleen_au.l10n_ccleen_au_chart_template,4100,Services,account.data_account_type_revenue,FALSE,account_grp_income
ccleen_au_5010,l10n_ccleen_au.l10n_ccleen_au_chart_template,5010,Cost of Goods Sold,account.data_account_type_direct_costs,FALSE,account_grp_expense
ccleen_au_5020,l10n_ccleen_au.l10n_ccleen_au_chart_template,5020,Direct Labour,account.data_account_type_direct_costs,FALSE,account_grp_expense
ccleen_au_5025,l10n_ccleen_au.l10n_ccleen_au_chart_template,5025,Realised Foreign Exchange Gain/ Loss- Settlement,account.data_account_type_direct_costs,FALSE,account_grp_expense
ccleen_au_5026,l10n_ccleen_au.l10n_ccleen_au_chart_template,5026,Rounding Gain/ Loss,account.data_account_type_direct_costs,FALSE,account_grp_expense
ccleen_au_5032,l10n_ccleen_au.l10n_ccleen_au_chart_template,5032,Inventory Qty Variance,account.data_account_type_direct_costs,FALSE,account_grp_expense
ccleen_au_5034,l10n_ccleen_au.l10n_ccleen_au_chart_template,5034,Inventory Price Variance,account.data_account_type_direct_costs,FALSE,account_grp_expense
ccleen_au_5036,l10n_ccleen_au.l10n_ccleen_au_chart_template,5036,Inventory Ex Rate Variance,account.data_account_type_direct_costs,FALSE,account_grp_expense
ccleen_au_5040,l10n_ccleen_au.l10n_ccleen_au_chart_template,5040,Warehouse & Distribution,account.data_account_type_direct_costs,FALSE,account_grp_expense
ccleen_au_5050,l10n_ccleen_au.l10n_ccleen_au_chart_template,5050,Shrinkage/Spoilage,account.data_account_type_direct_costs,FALSE,account_grp_expense
ccleen_au_5061,l10n_ccleen_au.l10n_ccleen_au_chart_template,5061, Sales Commission ,account.data_account_type_direct_costs,FALSE,account_grp_expense
ccleen_au_5070,l10n_ccleen_au.l10n_ccleen_au_chart_template,5070,After Sales Service &Maintenance,account.data_account_type_direct_costs,FALSE,account_grp_expense
ccleen_au_5620,l10n_ccleen_au.l10n_ccleen_au_chart_template,5620,Freight & Customs,account.data_account_type_direct_costs,FALSE,account_grp_expense
ccleen_au_5640,l10n_ccleen_au.l10n_ccleen_au_chart_template,5640,Inbound Freight & Duty  Clearing,account.data_account_type_direct_costs,FALSE,account_grp_expense
ccleen_au_6000,l10n_ccleen_au.l10n_ccleen_au_chart_template,6000,Salaries,account.data_account_type_expenses,FALSE,account_grp_expense
ccleen_au_6060,l10n_ccleen_au.l10n_ccleen_au_chart_template,6060,Salaries : Salary Sacrifice - Super Sacrifice,account.data_account_type_expenses,FALSE,account_grp_expense
ccleen_au_6062,l10n_ccleen_au.l10n_ccleen_au_chart_template,6062,Salary Sacrifice - Novated Lease Pre Tax,account.data_account_type_expenses,FALSE,account_grp_expense
ccleen_au_6064,l10n_ccleen_au.l10n_ccleen_au_chart_template,6064,Salaries : Salary Sacrifice - Novated Lease After Tax,account.data_account_type_expenses,FALSE,account_grp_expense
ccleen_au_6070,l10n_ccleen_au.l10n_ccleen_au_chart_template,6070,Salaries : Redundancies,account.data_account_type_expenses,FALSE,account_grp_expense
ccleen_au_6080,l10n_ccleen_au.l10n_ccleen_au_chart_template,6080,Superannuation Expense,account.data_account_type_expenses,FALSE,account_grp_expense
ccleen_au_6100,l10n_ccleen_au.l10n_ccleen_au_chart_template,6100,Salary OnCosts,account.data_account_type_expenses,FALSE,account_grp_expense
ccleen_au_6110,l10n_ccleen_au.l10n_ccleen_au_chart_template,6110,Payroll Tax,account.data_account_type_expenses,FALSE,account_grp_expense
ccleen_au_6120,l10n_ccleen_au.l10n_ccleen_au_chart_template,6120,Salary OnCosts : Workers Compensation,account.data_account_type_expenses,FALSE,account_grp_expense
ccleen_au_6130,l10n_ccleen_au.l10n_ccleen_au_chart_template,6130,Salaries : Annual Leave,account.data_account_type_expenses,FALSE,account_grp_expense
ccleen_au_6132,l10n_ccleen_au.l10n_ccleen_au_chart_template,6132,Salaries : Personal Leave,account.data_account_type_expenses,FALSE,account_grp_expense
ccleen_au_6140,l10n_ccleen_au.l10n_ccleen_au_chart_template,6140,Salaries : Long Service Leave,account.data_account_type_expenses,FALSE,account_grp_expense
ccleen_au_6200,l10n_ccleen_au.l10n_ccleen_au_chart_template,6200,Salary OnCosts : Recruiting,account.data_account_type_expenses,FALSE,account_grp_expense
ccleen_au_6210,l10n_ccleen_au.l10n_ccleen_au_chart_template,6210,Salaries : Sal & Wages - Accrual,account.data_account_type_expenses,FALSE,account_grp_expense
ccleen_au_6220,l10n_ccleen_au.l10n_ccleen_au_chart_template,6220,Staff Amenities,account.data_account_type_expenses,FALSE,account_grp_expense
ccleen_au_6230,l10n_ccleen_au.l10n_ccleen_au_chart_template,6230,Staff Training,account.data_account_type_expenses,FALSE,account_grp_expense
ccleen_au_6240,l10n_ccleen_au.l10n_ccleen_au_chart_template,6240,Staff Relocations,account.data_account_type_expenses,FALSE,account_grp_expense
ccleen_au_6242,l10n_ccleen_au.l10n_ccleen_au_chart_template,6242,Staff Recruitment,account.data_account_type_expenses,FALSE,account_grp_expense
ccleen_au_6260,l10n_ccleen_au.l10n_ccleen_au_chart_template,6260,Worker Cover,account.data_account_type_expenses,FALSE,account_grp_expense
ccleen_au_6280,l10n_ccleen_au.l10n_ccleen_au_chart_template,6280,Fringe Benefit Tax,account.data_account_type_expenses,FALSE,account_grp_expense
ccleen_au_6295,l10n_ccleen_au.l10n_ccleen_au_chart_template,6295,Provision for Staff Contingencies,account.data_account_type_expenses,FALSE,account_grp_expense
ccleen_au_6296,l10n_ccleen_au.l10n_ccleen_au_chart_template,6296,Provision for Annual Leave,account.data_account_type_expenses,FALSE,account_grp_expense
ccleen_au_6297,l10n_ccleen_au.l10n_ccleen_au_chart_template,6297,Provision for Long Service Leave,account.data_account_type_expenses,FALSE,account_grp_expense
ccleen_au_6298,l10n_ccleen_au.l10n_ccleen_au_chart_template,6298,Provision for Personal/Carers Leave,account.data_account_type_expenses,FALSE,account_grp_expense
ccleen_au_6400,l10n_ccleen_au.l10n_ccleen_au_chart_template,6400,Marketing,account.data_account_type_expenses,FALSE,account_grp_expense
ccleen_au_6500,l10n_ccleen_au.l10n_ccleen_au_chart_template,6500,Entertainment & Gift &FBT Meals,account.data_account_type_expenses,FALSE,account_grp_expense
ccleen_au_6502,l10n_ccleen_au.l10n_ccleen_au_chart_template,6502,FBT Meal - Clients,account.data_account_type_expenses,FALSE,account_grp_expense
ccleen_au_6504,l10n_ccleen_au.l10n_ccleen_au_chart_template,6504,FBT Meal - Employees,account.data_account_type_expenses,FALSE,account_grp_expense
ccleen_au_6506,l10n_ccleen_au.l10n_ccleen_au_chart_template,6506,Minor Entertainment Expenses for Employees,account.data_account_type_expenses,FALSE,account_grp_expense
ccleen_au_6510,l10n_ccleen_au.l10n_ccleen_au_chart_template,6510,Travel,account.data_account_type_expenses,FALSE,account_grp_expense
ccleen_au_6512,l10n_ccleen_au.l10n_ccleen_au_chart_template,6512,Accommodation,account.data_account_type_expenses,FALSE,account_grp_expense
ccleen_au_6514,l10n_ccleen_au.l10n_ccleen_au_chart_template,6514,Airfares,account.data_account_type_expenses,FALSE,account_grp_expense
ccleen_au_6516,l10n_ccleen_au.l10n_ccleen_au_chart_template,6516,Travel Meals,account.data_account_type_expenses,FALSE,account_grp_expense
ccleen_au_6517,l10n_ccleen_au.l10n_ccleen_au_chart_template,6517,Travel - Mileage,account.data_account_type_expenses,FALSE,account_grp_expense
ccleen_au_6518,l10n_ccleen_au.l10n_ccleen_au_chart_template,6518,Taxis/Parking,account.data_account_type_expenses,FALSE,account_grp_expense
ccleen_au_6520,l10n_ccleen_au.l10n_ccleen_au_chart_template,6520,Travel - Etoll,account.data_account_type_expenses,FALSE,account_grp_expense
ccleen_au_6522,l10n_ccleen_au.l10n_ccleen_au_chart_template,6522,Travel: Insruance,account.data_account_type_expenses,FALSE,account_grp_expense
ccleen_au_6524,l10n_ccleen_au.l10n_ccleen_au_chart_template,6524,Travel : Miscl.,account.data_account_type_expenses,FALSE,account_grp_expense
ccleen_au_6600,l10n_ccleen_au.l10n_ccleen_au_chart_template,6600,Motor Vehicle,account.data_account_type_expenses,FALSE,account_grp_expense
ccleen_au_6602,l10n_ccleen_au.l10n_ccleen_au_chart_template,6602,Motor  Vehicle Fuel,account.data_account_type_expenses,FALSE,account_grp_expense
ccleen_au_6604,l10n_ccleen_au.l10n_ccleen_au_chart_template,6604,Motor Vehicle Insurance,account.data_account_type_expenses,FALSE,account_grp_expense
ccleen_au_6608,l10n_ccleen_au.l10n_ccleen_au_chart_template,6608,Motor Vehicle Registration,account.data_account_type_expenses,FALSE,account_grp_expense
ccleen_au_6610,l10n_ccleen_au.l10n_ccleen_au_chart_template,6610,Motor Vehicle Service & Maintenance,account.data_account_type_expenses,FALSE,account_grp_expense
ccleen_au_6612,l10n_ccleen_au.l10n_ccleen_au_chart_template,6612,Motor Vehicle - Parking,account.data_account_type_expenses,FALSE,account_grp_expense
ccleen_au_6710,l10n_ccleen_au.l10n_ccleen_au_chart_template,6710,Consultants,account.data_account_type_expenses,FALSE,account_grp_expense
ccleen_au_6722,l10n_ccleen_au.l10n_ccleen_au_chart_template,6722,Contractor - Operation,account.data_account_type_expenses,FALSE,account_grp_expense
ccleen_au_6724,l10n_ccleen_au.l10n_ccleen_au_chart_template,6724,Contractor - Marketing,account.data_account_type_expenses,FALSE,account_grp_expense
ccleen_au_6730,l10n_ccleen_au.l10n_ccleen_au_chart_template,6730,Accounting Services,account.data_account_type_expenses,FALSE,account_grp_expense
ccleen_au_6800,l10n_ccleen_au.l10n_ccleen_au_chart_template,6800,Telecommunications,account.data_account_type_expenses,FALSE,account_grp_expense
ccleen_au_6802,l10n_ccleen_au.l10n_ccleen_au_chart_template,6802,Emails,account.data_account_type_expenses,FALSE,account_grp_expense
ccleen_au_6804,l10n_ccleen_au.l10n_ccleen_au_chart_template,6804,Fax,account.data_account_type_expenses,FALSE,account_grp_expense
ccleen_au_6808,l10n_ccleen_au.l10n_ccleen_au_chart_template,6808,Mobile,account.data_account_type_expenses,FALSE,account_grp_expense
ccleen_au_6810,l10n_ccleen_au.l10n_ccleen_au_chart_template,6810,Office Telephone,account.data_account_type_expenses,FALSE,account_grp_expense
ccleen_au_6816,l10n_ccleen_au.l10n_ccleen_au_chart_template,6816,Domain Name Registration,account.data_account_type_expenses,FALSE,account_grp_expense
ccleen_au_6818,l10n_ccleen_au.l10n_ccleen_au_chart_template,6818,Internet,account.data_account_type_expenses,FALSE,account_grp_expense
ccleen_au_6830,l10n_ccleen_au.l10n_ccleen_au_chart_template,6830,IT Support,account.data_account_type_expenses,FALSE,account_grp_expense
ccleen_au_6900,l10n_ccleen_au.l10n_ccleen_au_chart_template,6900,Product Development,account.data_account_type_expenses,FALSE,account_grp_expense
ccleen_au_6920,l10n_ccleen_au.l10n_ccleen_au_chart_template,6920,Product Testing,account.data_account_type_expenses,FALSE,account_grp_expense
ccleen_au_6922,l10n_ccleen_au.l10n_ccleen_au_chart_template,6922,Product Prototyoing,account.data_account_type_expenses,FALSE,account_grp_expense
ccleen_au_6924,l10n_ccleen_au.l10n_ccleen_au_chart_template,6924,Product Development Sample,account.data_account_type_expenses,FALSE,account_grp_expense
ccleen_au_6950,l10n_ccleen_au.l10n_ccleen_au_chart_template,6950,Sample,account.data_account_type_expenses,FALSE,account_grp_expense
ccleen_au_7000,l10n_ccleen_au.l10n_ccleen_au_chart_template,7000,Insurance,account.data_account_type_expenses,FALSE,account_grp_expense
ccleen_au_7004,l10n_ccleen_au.l10n_ccleen_au_chart_template,7004,Asset Insurance,account.data_account_type_expenses,FALSE,account_grp_expense
ccleen_au_7006,l10n_ccleen_au.l10n_ccleen_au_chart_template,7006,Marine Insurance,account.data_account_type_expenses,FALSE,account_grp_expense
ccleen_au_7020,l10n_ccleen_au.l10n_ccleen_au_chart_template,7020,ASIC Lodgement,account.data_account_type_expenses,FALSE,account_grp_expense
ccleen_au_7030,l10n_ccleen_au.l10n_ccleen_au_chart_template,7030,Bank Service Charges,account.data_account_type_expenses,FALSE,account_grp_expense
ccleen_au_7032,l10n_ccleen_au.l10n_ccleen_au_chart_template,7032,Bank Merchant Fees,account.data_account_type_expenses,FALSE,account_grp_expense
ccleen_au_7060,l10n_ccleen_au.l10n_ccleen_au_chart_template,7060,Doubtful Debts,account.data_account_type_expenses,FALSE,account_grp_expense
ccleen_au_7070,l10n_ccleen_au.l10n_ccleen_au_chart_template,7070,Bad Debts,account.data_account_type_expenses,FALSE,account_grp_expense
ccleen_au_7072,l10n_ccleen_au.l10n_ccleen_au_chart_template,7072,Bad Debts : Recovered,account.data_account_type_expenses,FALSE,account_grp_expense
ccleen_au_7074,l10n_ccleen_au.l10n_ccleen_au_chart_template,7074,Written Off,account.data_account_type_expenses,FALSE,account_grp_expense
ccleen_au_7080,l10n_ccleen_au.l10n_ccleen_au_chart_template,7080,Debt Collection Costs,account.data_account_type_expenses,FALSE,account_grp_expense
ccleen_au_7090,l10n_ccleen_au.l10n_ccleen_au_chart_template,7090,Stock Adjustment,account.data_account_type_expenses,FALSE,account_grp_expense
ccleen_au_7100,l10n_ccleen_au.l10n_ccleen_au_chart_template,7100,Books and Publications,account.data_account_type_expenses,FALSE,account_grp_expense
ccleen_au_7110,l10n_ccleen_au.l10n_ccleen_au_chart_template,7110,Cash Discounts,account.data_account_type_expenses,FALSE,account_grp_expense
ccleen_au_7130,l10n_ccleen_au.l10n_ccleen_au_chart_template,7130,Equipment Rental,account.data_account_type_expenses,FALSE,account_grp_expense
ccleen_au_7140,l10n_ccleen_au.l10n_ccleen_au_chart_template,7140,Tools & Expensed Equipment,account.data_account_type_expenses,FALSE,account_grp_expense
ccleen_au_7150,l10n_ccleen_au.l10n_ccleen_au_chart_template,7150,Donations,account.data_account_type_expenses,FALSE,account_grp_expense
ccleen_au_7160,l10n_ccleen_au.l10n_ccleen_au_chart_template,7160,Licenses and Permits,account.data_account_type_expenses,FALSE,account_grp_expense
ccleen_au_7170,l10n_ccleen_au.l10n_ccleen_au_chart_template,7170,Penalties & Fines,account.data_account_type_expenses,FALSE,account_grp_expense
ccleen_au_7180,l10n_ccleen_au.l10n_ccleen_au_chart_template,7180,Postage and Delivery,account.data_account_type_expenses,FALSE,account_grp_expense
ccleen_au_7190,l10n_ccleen_au.l10n_ccleen_au_chart_template,7190,Printing and Stationery,account.data_account_type_expenses,FALSE,account_grp_expense
ccleen_au_7200,l10n_ccleen_au.l10n_ccleen_au_chart_template,7200,Office & Store Supplies,account.data_account_type_expenses,FALSE,account_grp_expense
ccleen_au_7210,l10n_ccleen_au.l10n_ccleen_au_chart_template,7210,Computer Supplies,account.data_account_type_expenses,FALSE,account_grp_expense
ccleen_au_7220,l10n_ccleen_au.l10n_ccleen_au_chart_template,7220,Repairs,account.data_account_type_expenses,FALSE,account_grp_expense
ccleen_au_7222,l10n_ccleen_au.l10n_ccleen_au_chart_template,7222,Repairs - Building,account.data_account_type_expenses,FALSE,account_grp_expense
ccleen_au_7224,l10n_ccleen_au.l10n_ccleen_au_chart_template,7224,Repairs - Computer,account.data_account_type_expenses,FALSE,account_grp_expense
ccleen_au_7226,l10n_ccleen_au.l10n_ccleen_au_chart_template,7226,Repairs - Equipment,account.data_account_type_expenses,FALSE,account_grp_expense
ccleen_au_7228,l10n_ccleen_au.l10n_ccleen_au_chart_template,7228,Office Renovations,account.data_account_type_expenses,FALSE,account_grp_expense
ccleen_au_7230,l10n_ccleen_au.l10n_ccleen_au_chart_template,7230,Small account bal written off,account.data_account_type_expenses,FALSE,account_grp_expense
ccleen_au_7245,l10n_ccleen_au.l10n_ccleen_au_chart_template,7245,IT System (Oddo),account.data_account_type_expenses,FALSE,account_grp_expense
ccleen_au_7400,l10n_ccleen_au.l10n_ccleen_au_chart_template,7400,Rent,account.data_account_type_expenses,FALSE,account_grp_expense
ccleen_au_7420,l10n_ccleen_au.l10n_ccleen_au_chart_template,7420,Cleaning,account.data_account_type_expenses,FALSE,account_grp_expense
ccleen_au_7430,l10n_ccleen_au.l10n_ccleen_au_chart_template,7430,Utilities,account.data_account_type_expenses,FALSE,account_grp_expense
ccleen_au_7432,l10n_ccleen_au.l10n_ccleen_au_chart_template,7432,Gas and Electric,account.data_account_type_expenses,FALSE,account_grp_expense
ccleen_au_7434,l10n_ccleen_au.l10n_ccleen_au_chart_template,7434,Utilities : Water,account.data_account_type_expenses,FALSE,account_grp_expense
ccleen_au_7500,l10n_ccleen_au.l10n_ccleen_au_chart_template,7500,Subscription,account.data_account_type_expenses,FALSE,account_grp_expense
ccleen_au_7502,l10n_ccleen_au.l10n_ccleen_au_chart_template,7502,Membership,account.data_account_type_expenses,FALSE,account_grp_expense
ccleen_au_7520,l10n_ccleen_au.l10n_ccleen_au_chart_template,7520,Conference,account.data_account_type_expenses,FALSE,account_grp_expense
ccleen_au_7600,l10n_ccleen_au.l10n_ccleen_au_chart_template,7600,ISO Management & Certification,account.data_account_type_expenses,FALSE,account_grp_expense
ccleen_au_7602,l10n_ccleen_au.l10n_ccleen_au_chart_template,7602,Accounting & Tax - General,account.data_account_type_expenses,FALSE,account_grp_expense
ccleen_au_7604,l10n_ccleen_au.l10n_ccleen_au_chart_template,7604,Professional Fees : Audit,account.data_account_type_expenses,FALSE,account_grp_expense
ccleen_au_7606,l10n_ccleen_au.l10n_ccleen_au_chart_template,7606,FBT & IAS Submission,account.data_account_type_expenses,FALSE,account_grp_expense
ccleen_au_7608,l10n_ccleen_au.l10n_ccleen_au_chart_template,7608,Information Technology,account.data_account_type_expenses,FALSE,account_grp_expense
ccleen_au_7609,l10n_ccleen_au.l10n_ccleen_au_chart_template,7609,Payroll Tax Monthly Management fee,account.data_account_type_expenses,FALSE,account_grp_expense
ccleen_au_7610,l10n_ccleen_au.l10n_ccleen_au_chart_template,7610,Legal,account.data_account_type_expenses,FALSE,account_grp_expense
ccleen_au_7612,l10n_ccleen_au.l10n_ccleen_au_chart_template,7612,Professional Fees : Legal - Non Deductible,account.data_account_type_expenses,FALSE,account_grp_expense
ccleen_au_7700,l10n_ccleen_au.l10n_ccleen_au_chart_template,7700,Office Relocation & Moving Expense,account.data_account_type_expenses,FALSE,account_grp_expense
ccleen_au_7800,l10n_ccleen_au.l10n_ccleen_au_chart_template,7800,Miscellaneous  Expense,account.data_account_type_expenses,FALSE,account_grp_expense
ccleen_au_9600,l10n_ccleen_au.l10n_ccleen_au_chart_template,9600,Depreciation Expense,account.data_account_type_expenses,FALSE,account_grp_expense
ccleen_au_9620,l10n_ccleen_au.l10n_ccleen_au_chart_template,9620,Amortisation Expense,account.data_account_type_expenses,FALSE,account_grp_expense
ccleen_au_9650,l10n_ccleen_au.l10n_ccleen_au_chart_template,9650,Profit/Loss on Sale Fixed Asset,account.data_account_type_expenses,FALSE,account_grp_expense
ccleen_au_9652,l10n_ccleen_au.l10n_ccleen_au_chart_template,9652,Profit/Loss on Sale Fixed Asset : Accum Depn,account.data_account_type_expenses,FALSE,account_grp_expense
ccleen_au_9654,l10n_ccleen_au.l10n_ccleen_au_chart_template,9654,Profit/Loss on Sale Fixed Asset : Cost of Assets Disposed,account.data_account_type_expenses,FALSE,account_grp_expense
ccleen_au_9656,l10n_ccleen_au.l10n_ccleen_au_chart_template,9656,Profit/Loss on Sale Fixed Asset : Proceeds on Sale of Assets,account.data_account_type_expenses,FALSE,account_grp_expense
ccleen_au_9800,l10n_ccleen_au.l10n_ccleen_au_chart_template,9800,Interest Income,account.data_account_type_expenses,FALSE,account_grp_expense
ccleen_au_9810,l10n_ccleen_au.l10n_ccleen_au_chart_template,9810,Other Income,account.data_account_type_other_income,FALSE,account_grp_income
ccleen_au_9900,l10n_ccleen_au.l10n_ccleen_au_chart_template,9900,Interest Expense,account.data_account_type_other_income,FALSE,account_grp_income
ccleen_au_9906,l10n_ccleen_au.l10n_ccleen_au_chart_template,9906,Loan Interest,account.data_account_type_other_income,FALSE,account_grp_income
ccleen_au_9908,l10n_ccleen_au.l10n_ccleen_au_chart_template,9908,Finance Charge,account.data_account_type_other_income,FALSE,account_grp_income
ccleen_au_9950,l10n_ccleen_au.l10n_ccleen_au_chart_template,9950,Realized Foreign Exchange Gain/Loss - Settlement,account.data_account_type_expenses,FALSE,account_grp_expense
ccleen_au_9970,l10n_ccleen_au.l10n_ccleen_au_chart_template,9970,Rounding Gain/Loss,account.data_account_type_other_income,FALSE,account_grp_income
ccleen_au_9981,l10n_ccleen_au.l10n_ccleen_au_chart_template,9981,Income Tax : Current Year,account.data_account_type_other_income,FALSE,account_grp_income
ccleen_au_9982,l10n_ccleen_au.l10n_ccleen_au_chart_template,9982,Income Tax : Prior Year Adjustment,account.data_account_type_other_income,FALSE,account_grp_income
ccleen_au_9990,l10n_ccleen_au.l10n_ccleen_au_chart_template,9990,Tax Timing,account.data_account_type_other_income,FALSE,account_grp_income
ccleen_au_9991,l10n_ccleen_au.l10n_ccleen_au_chart_template,9991,Tax Timing : Current Year,account.data_account_type_other_income,FALSE,account_grp_income
ccleen_au_9995,l10n_ccleen_au.l10n_ccleen_au_chart_template,9995,Unrealized Gain/Loss,account.data_account_type_other_income,FALSE,account_grp_income
ccleen_au_9996,l10n_ccleen_au.l10n_ccleen_au_chart_template,9996,Unrealized Matching Gain/Loss,account.data_account_type_other_income,FALSE,account_grp_income
ccleen_au_9997,l10n_ccleen_au.l10n_ccleen_au_chart_template,9997,Opening Retained Earnings,account.data_account_type_other_income,FALSE,account_grp_income
